DATE,age,bmr,body_fat,gender,height,m_active_time,m_calories,m_distance,m_inactive_time,m_lcat,m_lcit,m_steps,m_total_calories,m_workout_count,m_workout_time,n_asleep_time,n_awake,n_awake_time,n_awakenings,n_bedtime,n_count,n_deep,n_duration,n_light,n_quality,n_rem,o_count,o_mood,s_asleep_time,s_awake,s_awake_time,s_awakenings,s_bedtime,s_count,s_deep,s_duration,s_light,s_quality,s_rem,weight
20130723,27.556164383561644,1774.0442719238356,,0,1.778,,,,,,,,1869.1772723572356,,,,,,,,,,,,,,1.0,50.0,,,,,,,,,,,,73.0283
20130726,27.564383561643837,1773.9887513758904,,0,1.778,,,,,,,,2111.1707511638906,,,23939.0,806.0,28184.0,1.0,23684.0,1.0,540.0,3914.0,3374.0,8.0,,,,,,,,,,,,,,,73.0283
20130727,27.567123287671233,1773.9702445265755,,0,1.778,,,,,,,,2102.8322455585753,,,62279.0,702.0,62778.0,0.0,61578.0,1.0,651.0,651.0,0.0,1.0,,,,,,,,,,,,,,,73.0283
20130728,27.56986301369863,1773.9517376772603,,0,1.778,,,,,,,,1984.6967377192602,,,55679.0,701.0,56780.0,0.0,54980.0,1.0,1164.0,1164.0,0.0,3.0,,,,,,,,,,,,,,,73.0283
20130730,27.575342465753426,1773.9147239786303,,0,1.778,,,,,,,,2189.8827248446305,,,55079.0,666.0,56215.0,0.0,54415.0,1.0,1080.0,1150.0,70.0,4.0,,,,-3421.0,676.0,20809.0,0.0,,,,,,,,73.0283
20130731,27.578082191780823,1773.8962171293151,,0,1.778,,,,,,,,2102.502216375315,,,80398.0,647.0,82755.0,0.0,79755.0,2.0,1654.0,2614.0,960.0,6.0,,,,4199.0,996.0,21506.0,0.0,3206.0,1.0,11421.0,17421.0,6000.0,65.0,,73.0283
20130801,27.58082191780822,1773.87771028,,0,1.778,,,,,,,,2093.183709961,,,,,,,,,,,,,,,,2099.0,2421.0,29912.0,2.0,212.0,1.0,8752.0,27454.0,18702.0,77.0,,73.0283
20130802,27.583561643835615,1773.859203430685,,0,1.778,,,,,,,,1999.1132030286851,,,,,,,,,,,,,,,,1559.0,999.0,29661.0,1.0,1161.0,1.0,14068.0,27748.0,13680.0,89.0,,73.0283
20130803,27.586301369863016,1773.84069658137,,0,1.778,,,,,,,,1959.13069702037,,,,,,,,,,,,,,,,9179.0,1495.0,37963.0,1.0,7963.0,1.0,18174.0,28793.0,10619.0,95.0,,73.0283
20130804,27.589041095890412,1773.822189732055,,0,1.778,,,,,,,,2444.334191366055,,,,,,,,,,,,,,,,7619.0,2950.0,35125.0,3.0,6625.0,1.0,11169.0,26345.0,15176.0,79.0,,73.0283
20130805,27.59178082191781,1773.8036828827398,,0,1.778,,,,,,,,2090.59568527774,,,66959.0,722.0,68047.0,0.0,66247.0,1.0,1164.0,1164.0,0.0,3.0,,,,4679.0,1493.0,24114.0,1.0,4014.0,1.0,5460.0,18973.0,13513.0,57.0,,73.0283
20130806,27.594520547945205,1773.7851760334247,,0,1.778,,,,,,,,2265.608178461425,,,90178.0,1039.0,91243.0,0.0,89143.0,2.0,437.0,1441.0,1004.0,2.0,,,,959.0,1333.0,20029.0,0.0,-371.0,1.0,10980.0,19130.0,8150.0,69.0,,73.0283
20130807,27.5972602739726,1773.7666691841096,,0,1.778,,,,,,,,2220.4846688061098,,,,,,,,,,,,,,,,-2581.0,687.0,19834.0,0.0,-3266.0,1.0,11152.0,22552.0,11400.0,76.0,,73.0283
20130808,27.6,1773.7481623347946,,0,1.778,,,,,,,,2246.967164283795,,,,,,,,,,,,,,,,4199.0,2215.0,20598.0,2.0,2598.0,1.0,9015.0,16023.0,7008.0,56.0,,73.0283
20130809,27.602739726027398,1773.7296554854795,,0,1.778,,,,,,,,2105.0606553964794,,,69059.0,680.0,70181.0,0.0,68381.0,1.0,1164.0,1164.0,0.0,3.0,,,,1019.0,2943.0,27643.0,1.0,-1457.0,1.0,12661.0,26354.0,13693.0,89.0,,73.0283
20130810,27.605479452054794,1773.7111486361646,,0,1.778,,,,,,,,2353.6551487911647,,,,,,,,,,,,,,,,-4801.0,674.0,24234.0,0.0,-5466.0,1.0,18208.0,29067.0,10859.0,100.0,,73.0283
20130811,27.60821917808219,1773.6926417868494,,0,1.778,6792.0,,,,,,,2299.0976406708496,,,52499.0,728.0,53584.0,0.0,51784.0,1.0,1152.0,1152.0,0.0,3.0,,,,119.0,1861.0,31841.0,1.0,-1459.0,1.0,15203.0,31493.0,16290.0,100.0,,73.0283
20130812,27.610958904109587,1773.6741349375343,,0,1.778,3620.0,288.36999999,5585.0,38520.0,798.0,10620.0,6996.0,2062.0441349275343,0.0,0.0,,,,,,,,,,,,,,1139.0,3142.0,26595.0,0.0,-105.0,1.0,11281.0,25583.0,14302.0,83.0,,73.0283
20130813,27.613698630136987,1773.6556280882191,,0,1.778,4499.0,388.554998681,7279.0,33960.0,850.0,6120.0,8905.0,2162.2106267692193,0.0,0.0,,,,,,,,,,,,,,4679.0,1805.0,32812.0,1.0,4012.0,1.0,10437.0,28077.0,17640.0,81.0,,73.0283
20130814,27.616438356164384,1773.6371212389042,,0,1.778,2968.0,241.671999462,4682.0,37920.0,485.0,8520.0,5829.0,2015.3091207009043,0.0,0.0,,,,,,,,,,,,,,5399.0,981.0,25685.0,0.0,4685.0,1.0,7380.0,20280.0,12900.0,62.0,,73.0283
20130815,27.61917808219178,1773.618614389589,,0,1.778,5671.0,448.158001572,8745.0,34800.0,1149.0,4380.0,10936.0,2221.776615961589,0.0,0.0,,,,,,,,,,,,,,7499.0,4067.0,26517.0,0.0,6117.0,1.0,8580.0,19080.0,10500.0,62.0,,73.0283
20130816,27.621917808219177,1773.6001075402742,,0,1.778,4638.0,370.446000628,7158.0,31140.0,811.0,5820.0,8946.0,2144.0461081682743,0.0,0.0,,,,,,,,,,,,,,-2281.0,3387.0,30018.0,1.0,-3882.0,1.0,16155.0,31155.0,15000.0,100.0,,73.0283
20130817,27.624657534246577,1773.581600690959,,0,1.778,4845.0,359.129000038,7144.0,32280.0,1060.0,3780.0,9079.0,2132.710600728959,0.0,0.0,,,,,,,,,,,,,,419.0,940.0,24143.0,1.0,143.0,1.0,13584.0,23304.0,9720.0,83.0,,73.0283
20130818,27.627397260273973,1773.5630938416439,,0,1.778,8078.0,600.577002533,11953.0,25260.0,3402.0,4500.0,15184.0,2374.1400963746437,0.0,0.0,,,,,,,,,,,,,,-1.0,1351.0,31709.0,0.0,-1291.0,1.0,12780.0,31800.0,19020.0,98.0,,73.0283
20130819,27.63013698630137,1773.5445869923287,,0,1.778,45050.0,520.060999751,9650.0,33480.0,636.0,5640.0,11659.0,2293.605586743329,1.0,42151.0,,,,,,,,,,,,,,1679.0,1169.0,13291.0,0.0,991.0,1.0,7380.0,11700.0,4320.0,43.0,,73.0283
20130820,27.632876712328766,1773.5260801430138,,0,1.778,4898.0,376.332998961,7472.0,36540.0,1240.0,13140.0,9381.0,2149.8590791040137,0.0,0.0,67919.0,2158.0,69374.0,0.0,65774.0,1.0,540.0,1565.0,1025.0,3.0,,,,4559.0,3183.0,30244.0,1.0,2044.0,1.0,9473.0,25433.0,15960.0,75.0,,73.0283
20130821,27.635616438356166,1773.5075732936987,,0,1.778,4118.0,341.779000826,6485.0,36960.0,946.0,4920.0,8035.0,2115.286574119699,0.0,0.0,,,,,,,,,,,,,,3299.0,1234.0,28700.0,2.0,2600.0,1.0,14580.0,25135.0,10555.0,87.0,,73.0283
20130822,27.638356164383563,1773.4890664443838,,0,1.778,7728.0,630.324997999,12121.0,33120.0,2573.0,9660.0,14995.0,2403.814064443384,0.0,0.0,,,,,,,,,,,,,,3359.0,3068.0,29992.0,0.0,2692.0,1.0,10500.0,26820.0,16320.0,81.0,,73.0283
20130823,27.64109589041096,1773.4705595950686,,0,1.778,3041.0,245.779998817,4690.0,38040.0,480.0,8280.0,5884.0,2019.2505584120686,0.0,0.0,,,,,,,,,,,,,,3299.0,1980.0,27720.0,0.0,1320.0,1.0,10380.0,24442.0,14062.0,78.0,,73.0283
20130824,27.643835616438356,1773.4520527457535,,0,1.778,7158.0,615.946001291,11674.0,27360.0,893.0,4200.0,14305.0,2389.3980540367534,0.0,0.0,,,,,,,,,,,,,,3599.0,2173.0,31400.0,2.0,2600.0,1.0,11580.0,27327.0,15747.0,84.0,,73.0283
20130825,27.646575342465752,1773.4335458964383,,0,1.778,5000.0,395.582002319,7795.0,34200.0,838.0,6960.0,9748.0,2169.0155482154382,0.0,0.0,67859.0,299.0,68761.0,0.0,67561.0,1.0,0.0,1179.0,1179.0,1.0,,,,4319.0,2510.0,33758.0,2.0,4058.0,1.0,10112.0,27212.0,17100.0,79.0,,73.0283
20130826,27.649315068493152,1773.4150390471234,,0,1.778,5688.0,454.540998936,8782.0,29880.0,858.0,5940.0,10976.0,2227.956037983123,0.0,0.0,,,,,,,,,,,,,,4379.0,281.0,32916.0,0.0,4116.0,1.0,10800.0,28543.0,17743.0,86.0,,73.0283
20130827,27.65205479452055,1773.3965321978083,,0,1.778,6613.0,541.155999266,10329.0,31980.0,994.0,8280.0,12846.0,2314.552531463808,0.0,0.0,66359.0,993.0,69241.0,1.0,65641.0,1.0,1799.0,2759.0,960.0,6.0,,,,2579.0,2204.0,30676.0,0.0,2176.0,1.0,10799.0,28080.0,17281.0,85.0,,73.0283
20130828,27.654794520547945,1773.3780253484933,,0,1.778,2777.0,231.34600091,4455.0,39420.0,694.0,14460.0,5467.0,2004.7240262584933,0.0,0.0,60659.0,745.0,61720.0,0.0,59920.0,1.0,1115.0,1115.0,0.0,3.0,,,,7079.0,682.0,31598.0,0.0,6398.0,1.0,11581.0,24540.0,12959.0,77.0,,73.0283
20130829,27.65753424657534,1773.3595184991782,,0,1.778,3541.0,309.438001171,5710.0,36780.0,703.0,4920.0,6994.0,2082.797519670178,0.0,0.0,70379.0,1675.0,73265.0,0.0,69365.0,1.0,1980.0,2820.0,840.0,9.0,,,,1799.0,3036.0,25143.0,0.0,-957.0,1.0,8881.0,23301.0,14420.0,74.0,,73.0283
20130830,27.660273972602738,1773.341011649863,,0,1.778,5409.0,471.377998948,8722.0,31260.0,942.0,5520.0,10658.0,2244.719010597863,0.0,0.0,56879.0,390.0,58298.0,0.0,56498.0,1.0,1080.0,1452.0,372.0,4.0,,,,8039.0,2993.0,29617.0,0.0,5617.0,1.0,8700.0,21540.0,12840.0,65.0,,73.0283
20130831,27.663013698630138,1773.322504800548,,0,1.778,3134.0,273.889000222,5094.0,34920.0,783.0,4440.0,6215.0,2047.211505022548,0.0,0.0,,,,,,,,,,,,,,1679.0,2961.0,38499.0,0.0,-501.0,1.0,20882.0,36780.0,15898.0,100.0,,73.0283
20130901,27.665753424657535,1773.303997951233,,0,1.778,5643.0,433.925998643,8369.0,31560.0,1977.0,5040.0,10625.0,2207.229996594233,0.0,0.0,,,,,,,,,,,,,,6779.0,1036.0,34291.0,0.0,5791.0,1.0,7860.0,27613.0,19753.0,75.0,,73.0283
20130902,27.66849315068493,1773.2854911019178,,0,1.778,1338.0,133.653000057,2293.0,38520.0,391.0,6360.0,2711.0,1906.938491158918,0.0,0.0,,,,,,,,,,,,,,3419.0,3472.0,30308.0,0.0,2108.0,1.0,11700.0,27000.0,15300.0,84.0,,73.0283
20130903,27.671232876712327,1773.266984252603,,0,1.778,8423.0,754.365997121,13874.0,30960.0,2378.0,13860.0,16847.0,2527.632981373603,0.0,0.0,61020.0,1083.0,61747.0,0.0,59947.0,1.0,0.0,785.0,785.0,1.0,,,,5939.0,2525.0,33775.0,2.0,5575.0,1.0,5100.0,25905.0,20805.0,66.0,,73.0283
20130904,27.673972602739727,1773.2484774032878,,0,1.778,4414.0,401.891001508,7303.0,34320.0,688.0,7740.0,8852.0,2175.139478911288,0.0,0.0,64139.0,998.0,64959.0,0.0,63159.0,1.0,868.0,868.0,0.0,2.0,,,,7019.0,933.0,28227.0,0.0,6627.0,1.0,7440.0,21180.0,13740.0,63.0,,73.0283
20130905,27.676712328767124,1773.2299705539726,,0,1.778,7820.0,651.71400106,12524.0,30240.0,2381.0,6180.0,15357.0,2424.9439716139727,0.0,0.0,55799.0,1411.0,56202.0,0.0,54402.0,1.0,0.0,428.0,428.0,0.0,,,,358.0,3684.0,29695.0,1.0,-2405.0,1.0,13684.0,29204.0,15520.0,96.0,,73.0283
20130906,27.67945205479452,1773.2114637046575,,0,1.778,5376.0,437.054998375,8389.0,34320.0,1422.0,8160.0,10433.0,2210.2664620796577,0.0,0.0,,,,,,,,,,,,,,6659.0,1487.0,34234.0,2.0,6334.0,1.0,11160.0,26619.0,15459.0,79.0,,73.0283
20130907,27.682191780821917,1773.1929568553426,,0,1.778,4210.0,343.487997904,6669.0,35400.0,1972.0,5700.0,8280.0,2116.6809547593425,0.0,0.0,,,,,,,,,,,,,,7859.0,1390.0,36890.0,0.0,7190.0,1.0,9228.0,29388.0,20160.0,83.0,,73.0283
20130908,27.684931506849317,1773.1744500060274,,0,1.778,2732.0,241.221001104,4462.0,35460.0,883.0,4980.0,5440.0,2014.3954511100274,0.0,0.0,,,,,,,,,,,,,,899.0,1700.0,28737.0,1.0,537.0,1.0,7367.0,27569.0,20202.0,77.0,,73.0283
20130909,27.687671232876713,1773.1559431567125,,0,1.778,7873.0,633.730001435,12231.0,32040.0,1939.0,8700.0,15223.0,2406.8859445917124,0.0,0.0,63059.0,672.0,64190.0,0.0,62390.0,1.0,1156.0,1156.0,0.0,4.0,,,,7439.0,1541.0,31939.0,1.0,7039.0,1.0,9961.0,23630.0,13669.0,71.0,,73.0283
20130910,27.69041095890411,1773.1374363073974,,0,1.778,5086.0,436.710000619,8198.0,32040.0,1052.0,4080.0,10045.0,2209.847436926397,0.0,0.0,,,,,,,,,,,,,,6359.0,2057.0,32960.0,1.0,5660.0,1.0,6660.0,25883.0,19223.0,70.0,,73.0283
20130911,27.693150684931506,1773.1189294580822,,0,1.778,4851.0,414.971001178,7794.0,36960.0,755.0,6120.0,9542.0,2188.089930636082,0.0,0.0,,,,,,,,,,,,,,-1201.0,2235.0,28694.0,2.0,-1906.0,1.0,13262.0,28411.0,15149.0,93.0,,73.0283
20130912,27.695890410958903,1773.100422608767,,0,1.778,4066.0,329.022998385,6253.0,34080.0,613.0,13560.0,7784.0,2102.123420993767,0.0,0.0,,,,,,,,,,,,,,1739.0,1579.0,26981.0,1.0,581.0,1.0,9479.0,25038.0,15559.0,77.0,,73.0283
20130913,27.698630136986303,1773.0819157594522,,0,1.778,6997.0,528.236998171,10235.0,34140.0,1115.0,8220.0,13082.0,2301.3189139304523,0.0,0.0,,,,,,,,,,,,,,3959.0,6858.0,26722.0,1.0,322.0,1.0,12680.0,20540.0,7860.0,75.0,,73.0283
20130914,27.7013698630137,1773.063408910137,,0,1.778,845.0,86.3179998919,1479.0,40080.0,293.0,6360.0,1735.0,1859.381408802037,0.0,0.0,61199.0,992.0,62015.0,0.0,60215.0,1.0,853.0,853.0,0.0,2.0,,,,7259.0,1794.0,36246.0,2.0,6846.0,1.0,14040.0,27725.0,13685.0,90.0,,73.0283
20130915,27.704109589041096,1773.044902060822,,0,1.778,564.0,48.0160003603,888.0,41520.0,128.0,12960.0,1099.0,1821.0609024211221,0.0,0.0,,,,,,,,,,,,,,7619.0,3789.0,35031.0,0.0,3831.0,1.0,7382.0,27685.0,20303.0,75.0,,73.0283
20130916,27.706849315068492,1773.026395211507,,0,1.778,6751.0,593.481000245,10967.0,32580.0,1232.0,5760.0,13410.0,2366.507395456507,0.0,0.0,,,,,,,,,,,,,,5699.0,2748.0,31992.0,0.0,3192.0,1.0,10981.0,26280.0,15299.0,81.0,,73.0283
20130917,27.70958904109589,1773.0078883621918,,0,1.778,6677.0,597.02899947,10907.0,30000.0,1150.0,4560.0,13314.0,2370.036887832192,0.0,0.0,,,,,,,,,,,,,,7559.0,2963.0,32377.0,1.0,5977.0,1.0,7260.0,24240.0,16980.0,68.0,,73.0283
20130918,27.71232876712329,1772.989381512877,,0,1.778,7088.0,599.691999927,11286.0,33480.0,2150.0,5040.0,13890.0,2372.681381439877,0.0,0.0,61499.0,1003.0,62304.0,0.0,60504.0,1.0,847.0,847.0,0.0,2.0,,,,8279.0,5019.0,27062.0,0.0,5462.0,1.0,10681.0,18780.0,8099.0,64.0,,73.0283
20130919,27.715068493150685,1772.9708746635617,,0,1.778,6012.0,512.963001549,9725.0,33120.0,980.0,10260.0,11912.0,2285.9338762125617,0.0,0.0,61079.0,719.0,62168.0,0.0,60368.0,1.0,1150.0,1150.0,0.0,3.0,,,,10199.0,4074.0,30729.0,0.0,6129.0,1.0,6480.0,20661.0,14181.0,58.0,,73.0283
20130920,27.71780821917808,1772.9523678142466,,0,1.778,11394.0,978.272000007,18320.0,28080.0,4442.0,6900.0,22559.0,2751.2243678212467,0.0,0.0,,,,,,,,,,,,,,6059.0,1081.0,11900.0,0.0,5000.0,1.0,4680.0,6039.0,1359.0,23.0,,73.0283
20130921,27.720547945205478,1772.9338609649317,,0,1.778,2208.0,173.972999573,3397.0,36000.0,627.0,5880.0,4267.0,1946.9068605379316,0.0,0.0,24239.0,1295.0,33805.0,0.0,23905.0,1.0,4140.0,9780.0,5640.0,26.0,,,,-5941.0,2456.0,23884.0,2.0,-7016.0,1.0,14839.0,28458.0,13619.0,98.0,,73.0283
20130922,27.723287671232878,1772.9153541156165,,0,1.778,1875.0,136.895000413,2714.0,37680.0,322.0,5940.0,3476.0,1909.8103545286165,0.0,0.0,,,,,,,,,,,,,,3779.0,10589.0,33390.0,2.0,2790.0,1.0,7921.0,23941.0,16020.0,66.0,,73.0283
20130923,27.726027397260275,1772.8968472663014,,0,1.778,3960.0,324.584001966,6145.0,36240.0,589.0,8340.0,7632.0,2097.4808492323014,0.0,0.0,,,,,,,,,,,,,,1979.0,754.0,16266.0,0.0,1266.0,1.0,8642.0,14420.0,5778.0,53.0,,73.0283
20130924,27.72876712328767,1772.8783404169862,,0,1.778,3742.0,302.111000098,5843.0,37440.0,479.0,5760.0,7267.0,2074.989340514986,0.0,0.0,,,,,,,,,,,,,,,,,,,,,,,,,73.0283
20130925,27.731506849315068,1772.8598335676713,,0,1.778,4972.0,416.228000112,7886.0,39180.0,1302.0,10320.0,9762.0,2189.0878336796713,0.0,0.0,,,,,,,,,,,,,,-4081.0,706.0,12914.0,0.0,-4786.0,1.0,9180.0,17071.0,7891.0,60.0,,73.0283
20130926,27.734246575342464,1772.8413267183562,,0,1.778,5818.0,493.49199906,9161.0,30540.0,746.0,9120.0,11363.0,2266.333325778356,0.0,0.0,,,,,,,,,,,,,,959.0,2393.0,28191.0,2.0,-9.0,1.0,11233.0,25936.0,14703.0,83.0,,73.0283
20130927,27.736986301369864,1772.8228198690413,,0,1.778,1497.0,117.833000541,2290.0,34560.0,197.0,5700.0,2876.0,1890.6558204100413,0.0,0.0,45779.0,284.0,47297.0,0.0,45497.0,1.0,540.0,1575.0,1035.0,4.0,,,,,,,,,,,,,,,73.0283
20130928,27.73972602739726,1772.8043130197261,,0,1.778,5876.0,436.406003177,8585.0,31260.0,960.0,4320.0,10959.0,2209.210316196726,0.0,0.0,,,,,,,,,,,,,,2759.0,1025.0,37479.0,1.0,2079.0,1.0,16576.0,34516.0,17940.0,100.0,,73.0283
20130929,27.742465753424657,1772.785806170411,,0,1.778,44628.0,448.236000389,8729.0,30300.0,777.0,5340.0,11216.0,2221.021806559411,1.0,43229.0,,,,,,,,,,,,,,4499.0,806.0,18454.0,0.0,3754.0,1.0,4380.0,14160.0,9780.0,42.0,,73.0283
20130930,27.745205479452054,1772.767299321096,,0,1.778,8167.0,652.392001241,12640.0,31320.0,1333.0,6000.0,15744.0,2425.159300562096,0.0,0.0,,,,,,,,,,,,,,,,,,,,,,,,,73.0283
20131001,27.747945205479454,1772.748792471781,,0,1.778,5098.0,449.846998952,8325.0,34560.0,763.0,8760.0,10154.0,2222.595791423781,0.0,0.0,,,,,,,,,,,,,,,,,,,,,,,,,73.0283
20131002,27.75068493150685,1772.7302856224658,,0,1.778,6476.0,553.666000918,10433.0,34980.0,1343.0,8040.0,12804.0,2326.3962865404656,0.0,0.0,,,,,,,,,,,,,,298.0,5462.0,26937.0,0.0,-663.0,1.0,8461.0,26761.0,18300.0,79.0,,73.0283
20131003,27.753424657534246,1772.7117787731509,,0,1.778,3346.0,307.713001952,5578.0,38520.0,615.0,7560.0,6733.0,2080.424780725151,0.0,0.0,,,,,,,,,,,,,,,,,,,,,,,,,73.0283
20131004,27.756164383561643,1772.6932719238357,,0,1.778,3682.0,345.997000277,6224.0,38340.0,783.0,6660.0,7483.0,2118.690272200836,0.0,0.0,,,,,,,,,,,,,,5339.0,4437.0,30171.0,1.0,2571.0,1.0,9780.0,24732.0,14952.0,75.0,,73.0283
20131005,27.75890410958904,1772.6747650745206,,0,1.778,6476.0,521.223001719,9976.0,36300.0,1087.0,11100.0,12503.0,2293.8977667935205,0.0,0.0,,,,,,,,,,,,,,-181.0,3092.0,21928.0,2.0,-1172.0,1.0,6760.0,20079.0,13319.0,60.0,,73.0283
20131006,27.76164383561644,1772.6562582252056,,0,1.778,2683.0,247.908998817,4467.0,40500.0,729.0,11820.0,5427.0,2020.5652570422058,0.0,0.0,,,,,,,,,,,,,,-121.0,2730.0,22528.0,1.0,-1772.0,1.0,9314.0,22453.0,13139.0,71.0,,73.0283
20131007,27.764383561643836,1772.6377513758905,,0,1.778,3384.0,264.451001137,5276.0,37320.0,603.0,7020.0,6583.0,2037.0887525128906,0.0,0.0,,,,,,,,,,,,,,4020.0,3651.0,19572.0,0.0,372.0,1.0,9479.0,15810.0,6331.0,59.0,,73.0283
20131008,27.767123287671232,1772.6192445265754,,0,1.778,3268.0,274.966999799,5139.0,36720.0,571.0,5160.0,6404.0,2047.5862443255753,0.0,0.0,55379.0,686.0,59160.0,1.0,54960.0,1.0,2317.0,3763.0,1446.0,10.0,,,,1079.0,1184.0,32356.0,0.0,-44.0,1.0,7380.0,31320.0,23940.0,85.0,,73.0283
20131009,27.76986301369863,1772.6007376772604,,0,1.778,4249.0,351.08800035,6669.0,35280.0,755.0,4920.0,8268.0,2123.6887380272606,0.0,0.0,,,,,,,,,,,,,,-601.0,2013.0,14307.0,0.0,-993.0,1.0,8040.0,15420.0,7380.0,51.0,,73.0283
20131010,27.77260273972603,1772.5822308279453,,0,1.778,3065.0,246.204001129,4678.0,34440.0,466.0,12660.0,5867.0,2018.7862319569454,0.0,0.0,,,,,,,,,,,,,,-8101.0,3718.0,10696.0,1.0,-9104.0,1.0,8866.0,17566.0,8700.0,60.0,,73.0283
20131011,27.775342465753425,1772.5637239786302,,0,1.778,5194.0,465.282000586,8548.0,30720.0,2060.0,7680.0,10392.0,2237.84572456463,0.0,0.0,,,,,,,,,,,,,,-10261.0,725.0,18767.0,0.0,-10933.0,1.0,10439.0,28988.0,18549.0,93.0,,73.0283
20131012,27.778082191780822,1772.5452171293152,,0,1.778,3674.0,325.887999848,5932.0,35460.0,757.0,6000.0,7259.0,2098.433216977315,0.0,0.0,,,,,,,,,,,,,,-5881.0,1271.0,23450.0,0.0,-7150.0,1.0,13980.0,29359.0,15379.0,100.0,,73.0283
20131013,27.78082191780822,1772.52671028,,0,1.778,2917.0,238.011999965,4650.0,37500.0,1037.0,7020.0,5751.0,2010.5387102450002,0.0,0.0,,,,,,,,,,,,,,2639.0,1906.0,35534.0,0.0,1034.0,1.0,14282.0,32820.0,18538.0,100.0,,73.0283
20131014,27.783561643835615,1772.508203430685,,0,1.778,6760.0,582.829999328,10780.0,34980.0,1452.0,8640.0,13235.0,2355.338202758685,0.0,0.0,,,,,,,,,,,,,,7259.0,737.0,38983.0,0.0,6583.0,1.0,11580.0,31920.0,20340.0,93.0,,73.0283
20131015,27.786301369863015,1772.48969658137,,0,1.778,3667.0,285.879999563,5600.0,37320.0,1093.0,14460.0,7019.0,2058.36969614437,0.0,0.0,73499.0,700.0,74602.0,0.0,72802.0,1.0,1146.0,1146.0,0.0,4.0,,,,,,,,,,,,,,,73.0283
20131016,27.78904109589041,1772.4711897320549,,0,1.778,6846.0,564.258997492,10748.0,33480.0,1920.0,7320.0,13332.0,2336.730187224055,0.0,0.0,,,,,,,,,,,,,,4979.0,2399.0,31740.0,1.0,3240.0,1.0,10680.0,26281.0,15601.0,80.0,,73.0283
20131017,27.791780821917808,1772.4526828827397,,0,1.778,4166.0,369.891998649,6782.0,35340.0,643.0,7140.0,8316.0,2142.3446815317398,0.0,0.0,20159.0,561.0,28887.0,1.0,19887.0,1.0,1736.0,8472.0,6736.0,18.0,,,,7679.0,2606.0,19296.0,0.0,5496.0,1.0,3781.0,11784.0,8003.0,35.0,,73.0283
20131018,27.794520547945204,1772.4341760334248,,0,1.778,4041.0,313.726999752,6232.0,36540.0,697.0,6180.0,7810.0,2086.161175785425,0.0,0.0,64259.0,1924.0,65695.0,0.0,63595.0,1.0,1380.0,1561.0,181.0,5.0,,,,4979.0,2526.0,27414.0,0.0,2514.0,1.0,8580.0,22560.0,13980.0,71.0,,73.0283
20131019,27.797260273972604,1772.4156691841097,,0,1.778,5105.0,404.472000234,7853.0,33540.0,819.0,6780.0,9832.0,2176.88766941811,0.0,0.0,,,,,,,,,,,,,,4319.0,1553.0,36658.0,1.0,3658.0,1.0,17819.0,32229.0,14410.0,100.0,,73.0283
20131020,27.8,1772.3971623347945,,0,1.778,2050.0,146.972998917,3027.0,38640.0,1705.0,8400.0,3849.0,1919.3701612517946,0.0,0.0,,,,,,,,,,,,,,4319.0,4171.0,35669.0,1.0,1469.0,1.0,16561.0,30960.0,14399.0,100.0,,73.0283
20131021,27.802739726027397,1772.3786554854796,,0,1.778,7001.0,567.974001229,10953.0,34740.0,1571.0,7140.0,13642.0,2340.3526567144795,0.0,0.0,,,,,,,,,,,,,,-5701.0,5553.0,24496.0,2.0,-6404.0,1.0,14831.0,29531.0,14700.0,97.0,,73.0283
20131022,27.805479452054794,1772.3601486361645,,0,1.778,4531.0,400.913001731,7554.0,34440.0,676.0,6180.0,9231.0,2173.2731503671644,0.0,0.0,,,,,,,,,,,,,,7559.0,5488.0,32072.0,0.0,6272.0,1.0,9300.0,24720.0,15420.0,73.0,,73.0283
20131023,27.80821917808219,1772.3416417868493,,0,1.778,5201.0,407.216000497,7924.0,34980.0,898.0,5280.0,9983.0,2179.5576422838494,0.0,0.0,51299.0,706.0,52400.0,0.0,50600.0,1.0,1159.0,1159.0,0.0,3.0,,,,10199.0,1501.0,31079.0,1.0,9179.0,1.0,6960.0,20541.0,13581.0,59.0,,73.0283
20131024,27.81095890410959,1772.3231349375344,,0,1.778,4582.0,362.073999152,7013.0,34860.0,598.0,6120.0,8800.0,2134.3971340895346,0.0,0.0,,,,,,,,,,,,,,1019.0,2856.0,26453.0,1.0,-1147.0,1.0,8911.0,25351.0,16440.0,77.0,,73.0283
20131025,27.813698630136987,1772.3046280882193,,0,1.778,2778.0,233.560000747,4521.0,38700.0,660.0,6240.0,5580.0,2005.8646288352193,0.0,0.0,60779.0,1000.0,64300.0,0.0,59800.0,1.0,2531.0,3731.0,1200.0,11.0,,,,599.0,2695.0,21468.0,0.0,-732.0,1.0,10457.0,21017.0,10560.0,72.0,,73.0283
20131026,27.816438356164383,1772.2861212389041,,0,1.778,8854.0,677.13399975,13381.0,29520.0,3021.0,8460.0,16843.0,2449.4201209889043,0.0,0.0,,,,,,,,,,,,,,,,,,,,,,,,,73.0283
20131027,27.81917808219178,1772.2676143895892,,0,1.778,1585.0,153.667000614,2712.0,37620.0,427.0,6120.0,3248.0,1925.9346150035892,0.0,0.0,,,,,,,,,,,,,,-601.0,1516.0,15971.0,1.0,-1429.0,1.0,7681.0,15933.0,8252.0,53.0,,73.0283
20131028,27.82191780821918,1772.249107540274,,0,1.778,6849.0,560.6870008413999,10730.0,32640.0,2141.0,5040.0,13353.0,2332.936108381674,0.0,0.0,67199.0,1136.0,70684.0,0.0,66484.0,1.0,780.0,3540.0,2760.0,8.0,0.0,,,,,,,,,,,,,,73.0283
20131029,27.824657534246576,1772.230600690959,,0,1.778,4617.0,414.677001774,7540.0,37560.0,682.0,6300.0,9174.0,2186.907602464959,0.0,0.0,,,,,,,,,,,,,,,,,,,,,,,,,73.0283
20131030,27.827397260273973,1772.212093841644,,0,1.778,3948.0,324.34400034,6204.0,36300.0,767.0,7740.0,7720.0,2096.556094181644,0.0,0.0,,,,,,,,,,,,,,8219.0,1471.0,30029.0,0.0,7529.0,1.0,9900.0,21840.0,11940.0,69.0,0.0,73.0283
20131031,27.83013698630137,1772.1935869923288,,0,1.778,1803.0,156.86699985,2975.0,39480.0,416.0,10020.0,3578.0,1929.0605868423288,0.0,0.0,45779.0,1221.0,48399.0,0.0,44799.0,1.0,2280.0,2640.0,360.0,9.0,0.0,,,13019.0,2262.0,33918.0,0.0,12318.0,1.0,7620.0,21180.0,13560.0,60.0,0.0,73.0283
20131101,27.832876712328765,1772.1750801430137,,0,1.778,4835.0,389.178000651,7672.0,34980.0,931.0,11640.0,9517.0,2161.3530807940137,0.0,0.0,,,,,,,,,,,,,,7979.0,780.0,31260.0,0.0,7260.0,1.0,9541.0,23400.0,13859.0,72.0,0.0,73.0283
20131102,27.835616438356166,1772.1565732936988,,0,1.778,3059.0,243.632999673,4748.0,38280.0,748.0,9780.0,5939.0,2015.7895729666989,0.0,0.0,,,,,,,,,,,,,,-5101.0,2674.0,27506.0,0.0,-7294.0,1.0,10381.0,32820.0,22439.0,97.0,0.0,73.0283
20131103,27.838356164383562,1772.1380664443836,,0,1.778,4829.0,388.90799956,7536.0,34620.0,1251.0,8340.0,9383.0,2161.0460660043836,0.0,0.0,,,,,,,,,,,,,,5399.0,799.0,23501.0,0.0,4601.0,1.0,10139.0,18364.0,8225.0,65.0,0.0,73.0283
20131104,27.84109589041096,1772.1195595950685,,0,1.778,3091.0,264.3960003029,5026.0,33180.0,712.0,5460.0,6182.0,2036.5155598979686,0.0,0.0,,,,,,,,,,,,,,4139.0,1332.0,30098.0,1.0,3098.0,1.0,5950.0,25750.0,19800.0,68.0,0.0,73.0283
20131105,27.843835616438355,1772.1010527457536,,0,1.778,4410.0,338.135000244,6694.0,32220.0,847.0,5460.0,8445.0,2110.2360529897537,0.0,0.0,,,,,,,,,,,,,,,,,,,,,,,,,73.0283
20131106,27.846575342465755,1772.0825458964384,,0,1.778,9169.0,747.654998437,14161.0,28800.0,1381.0,10080.0,17655.0,2519.7375443334386,0.0,0.0,,,,,,,,,,,,,,6479.0,1260.0,32501.0,1.0,5501.0,1.0,10680.0,25759.0,15079.0,79.0,0.0,73.0283
20131107,27.84931506849315,1772.0640390471233,,0,1.778,2687.0,225.567000568,4254.0,40080.0,596.0,8280.0,5285.0,1997.6310396151232,0.0,0.0,,,,,,,,,,,,,,6359.0,7961.0,28284.0,3.0,6084.0,1.0,7021.0,17035.0,10014.0,51.0,0.0,73.0283
20131108,27.852054794520548,1772.0455321978084,,0,1.778,3016.0,260.0199993921,4885.0,38820.0,566.0,8880.0,6023.0,2032.0655315899085,0.0,0.0,,,,,,,,,,,,,,2699.0,692.0,25412.0,0.0,2012.0,1.0,10441.0,22856.0,12415.0,74.0,0.0,73.0283
20131109,27.854794520547944,1772.0270253484932,,0,1.778,3625.0,317.813000172,5982.0,35220.0,656.0,10020.0,7274.0,2089.8400255204933,0.0,0.0,,,,,,,,,,,,,,3719.0,3371.0,36949.0,0.0,2749.0,1.0,14820.0,33180.0,18360.0,100.0,0.0,73.0283
20131110,27.85753424657534,1772.008518499178,,0,1.778,4290.0,328.242999151,6543.0,34260.0,988.0,4800.0,8233.0,2100.251517650178,0.0,0.0,,,,,,,,,,,,,,,,,,,,,,,,,73.0283
20131111,27.86027397260274,1771.9900116498632,,0,1.778,4852.0,384.660000101,7404.0,35220.0,1507.0,14160.0,9285.0,2156.650011750863,0.0,0.0,104398.0,2498.0,110482.0,0.0,102382.0,2.0,3960.0,6240.0,2280.0,18.0,0.0,,,,,,,,,,,,,,73.0283
20131112,27.863013698630137,1771.971504800548,,0,1.778,4273.0,337.446000427,6568.0,37620.0,1492.0,6480.0,8225.0,2109.417505227548,0.0,0.0,,,,,,,,,,,,,,8819.0,6678.0,24174.0,0.0,6174.0,1.0,3528.0,15288.0,11760.0,42.0,0.0,73.0283
20131113,27.865753424657534,1771.9529979512329,,0,1.778,3979.0,329.96099938500004,6271.0,36480.0,856.0,11460.0,7795.0,2101.913997336233,0.0,0.0,,,,,,,,,,,,,,10919.0,7121.0,39640.0,2.0,10240.0,1.0,10239.0,22359.0,12120.0,67.0,0.0,73.0283
20131114,27.86849315068493,1771.934491101918,,0,1.778,2039.0,198.110000163,3475.0,37320.0,553.0,6780.0,4180.0,1970.044491264918,0.0,0.0,55199.0,4184.0,58200.0,1.0,54212.0,1.0,284.0,2744.0,2460.0,5.0,0.0,,,7979.0,2874.0,36300.0,0.0,7266.0,1.0,7921.0,28380.0,20459.0,76.0,0.0,73.0283
20131115,27.87123287671233,1771.9159842526028,,0,1.778,3501.0,277.794999063,5394.0,37320.0,627.0,7380.0,6748.0,2049.710983315603,0.0,0.0,,,,,,,,,,,,,,,,,,,,,,,,,73.0283
20131116,27.873972602739727,1771.8974774032877,,0,1.778,3777.0,299.290000379,5848.0,35040.0,1450.0,7860.0,7294.0,2071.1874777822877,0.0,0.0,,,,,,,,,,,,,,,,,,,,,,,,,73.0283
20131117,27.876712328767123,1771.8789705539727,,0,1.778,804.0,86.3290006518,1457.0,40740.0,443.0,8040.0,1669.0,1858.2079712057728,0.0,0.0,,,,,,,,,,,,,,9539.0,3192.0,34200.0,0.0,8328.0,1.0,10080.0,24780.0,14700.0,73.0,0.0,73.0283
20131118,27.87945205479452,1771.8604637046576,,0,1.778,7473.0,590.564000309,11532.0,32520.0,1601.0,7320.0,14460.0,2362.4244640136576,0.0,0.0,,,,,,,,,,,,,,11519.0,2265.0,32700.0,1.0,10334.0,1.0,6120.0,20941.0,14821.0,56.0,0.0,73.0283
20131119,27.882191780821916,1771.8419568553425,,0,1.778,3712.0,314.925000899,5960.0,37140.0,557.0,5820.0,7390.0,2086.7669577543425,0.0,0.0,,,,,,,,,,,,,,,,,,,,,,,,,73.0283
20131120,27.884931506849316,1771.8234500060275,,0,1.778,3698.0,313.548000604,5966.0,36180.0,657.0,7260.0,7356.0,2085.3714506100278,0.0,0.0,,,,,,,,,,,,,,12479.0,7213.0,32700.0,2.0,7607.0,1.0,10920.0,19080.0,8160.0,62.0,0.0,73.0283
20131121,27.887671232876713,1771.8049431567124,,0,1.778,2633.0,242.899000525,4345.0,24600.0,733.0,8700.0,5281.0,2014.7039436817124,0.0,0.0,,,,,,,,,,,,,,,,,,,,,,,,,73.0283
20131122,27.89041095890411,1771.7864363073973,,0,1.778,4959.0,363.769001454,7234.0,36780.0,1317.0,18540.0,9265.0,2135.555437761397,0.0,0.0,,,,,,,,,,,,,,,,,,,,,,,,,73.0283
20131123,27.893150684931506,1771.7679294580823,,0,1.778,5696.0,422.373998761,8249.0,32820.0,1124.0,6180.0,10618.0,2194.1419282190823,0.0,0.0,,,,,,,,,,,,,,,,,,,,,,,,,73.0283
20131124,27.895890410958906,1771.7494226087672,,0,1.778,4136.0,380.288999818,6904.0,36060.0,949.0,5340.0,8340.0,2152.0384224267673,0.0,0.0,,,,,,,,,,,,,,,,,,,,,,,,,73.0283
20131125,27.898630136986302,1771.730915759452,,0,1.778,6211.0,505.356999286,9764.0,34620.0,1281.0,9240.0,12192.0,2277.087915045452,0.0,0.0,,,,,,,,,,,,,,,,,,,,,,,,,73.0283
20131126,27.9013698630137,1771.7124089101371,,0,1.778,5461.0,455.762000129,8678.0,35940.0,998.0,6360.0,10742.0,2227.4744090391373,0.0,0.0,,,,,,,,,,,,,,,,,,,,,,,,,73.0283
20131127,27.904109589041095,1771.693902060822,,0,1.778,2938.0,246.975000024,4737.0,37260.0,733.0,9060.0,5830.0,2018.668902084822,0.0,0.0,,,,,,,,,,,,,,,,,,,,,,,,,73.0283
20131128,27.90684931506849,1771.6753952115068,,0,1.778,2907.0,245.679000996,4688.0,37200.0,716.0,8040.0,5806.0,2017.3543962075069,0.0,0.0,,,,,,,,,,,,,,,,,,,,,,,,,73.0283
20131129,27.90958904109589,1771.656888362192,,0,1.778,5440.0,480.326999545,8773.0,31680.0,859.0,3780.0,10774.0,2251.9838879071917,0.0,0.0,,,,,,,,,,,,,,,,,,,,,,,,,73.0283
20131130,27.912328767123288,1771.6383815128768,,0,1.778,991.0,89.2870002985,1624.0,39660.0,389.0,14160.0,1982.0,1860.9253818113768,0.0,0.0,,,,,,,,,,,,,,,,,,,,,,,,,73.0283
